word,meaning_zh
atmosphere,大气；环境
hydrosphere,水圈
lithosphere,岩石圈
oxygen,氧气
oxide,氧化物
carbon dioxide,二氧化碳
hydrogen,氢气
core,地核；核心
crust,地壳；外壳
mantle,地幔；斗篷
longitude,经度
latitude,纬度
horizon,地平线；视野
altitude,高度；海拔
disaster,灾难
mishap,小事故；不幸
catastrophic,灾难性的
calamity,灾祸；不幸之事
endanger,危及
jeopardise,危及；损害
jeopardize,危及；损害
destructive,破坏性的
El Nino,厄尔尼诺现象
greenhouse,温室
phenomenon,现象
pebble,鹅卵石
magnet,磁铁
ore,矿石
mineral,矿物
marble,大理石
quartz,石英
granite,花岗岩
gust,阵风
breeze,微风
monsoon,季风
gale,大风
hurricane,飓风
tornado,龙卷风
typhoon,台风
volcano,火山
erupt,爆发
magma,岩浆
thermodynamic,热力学的
smog,烟雾
fume,烟；气
mist,薄雾
tsunami,海啸
drought,干旱
flooding,洪水
torrent,急流
earthquake,地震
seismic,地震的
avalanche,雪崩
terrain,地形
landscape,风景；景色
continent,大陆
cave,洞穴
cliff,悬崖
glacier,冰川
swamp,沼泽
delta,三角洲
plain,平原
plateau,高原
oasis,绿洲
globe,地球
hemisphere,半球
equator,赤道
arctic,北极的
Antarctic,南极的
pole,极
polar,极地的
axis,轴
deteriorate,恶化
aggravate,加重；激怒
degrade,降解；降级
upgrade,升级
erode,侵蚀
Mediterranean,地中海
Atlantic,大西洋
pacific,太平洋
ocean,海洋
marine,海洋的
navigation,导航；航海
gulf,海湾
beach,海滩
coast,海岸
shore,岸
tide,潮汐
current,潮流；电流
brook,小溪
stream,溪流；流动
source,来源；源头
shallow,浅的
superficial,表面的
flat,平坦的
smooth,平滑的
rough,粗糙的
sandy,沙质的
stony,多石的
vertical,垂直的
steep,陡峭的
parallel,平行的
narrow,狭窄的
Oceania,大洋洲
mainland,大陆
peninsula,半岛
climate,气候
weather,天气
meteorology,气象学
mild,温和的
heating,加热
moderate,中等的；温和的
warm,温暖的
thermal,热的
tropics,热带
arid,干旱的
moist,潮湿的
damp,潮湿的
humid,湿润的
snowy,多雪的
frost,霜
hail,冰雹
thaw,融化
chill,寒冷
freeze,冷冻
frigid,寒冷的
tremble,颤抖
shiver,发抖
thunder,雷
lightning,闪电
stormy,暴风雨的
downpour,暴雨
rainfall,降雨量
sprinkle,洒；喷洒
rainbow,彩虹
shower,阵雨
Celsius,摄氏度
temperature,温度
forecast,预报
peak,山峰
mount,山；登上
mountain,山
range,山脉；范围
ridge,山脊
slope,斜坡
valley,山谷
hillside,山腰
overlook,俯瞰；忽略
southern,南方的
southeast,东南
southwest,西南
northeast,东北
northwest,西北
eastern,东方的
oriental,东方的
inevitable,不可避免的
irreversible,不可逆的
irregularly,不规则地
inappropriate,不恰当的
abnormal,异常的
sediment,沉积物
silt,淤泥
muddy,泥泞的
clay,黏土
dirt,泥土
rural,农村的
suburb,郊区
outskirts,市郊
remote,偏远的
desolate,荒凉的
distant,遥远的
adjacent,相邻的
toxic,有毒的
pollution,污染
pollutant,污染物
contaminate,污染
geology,地质学
border,边界
margin,边缘
fringe,边缘；刘海
plate,板块；盘子
debris,碎片
crack,裂纹
gap,间隙
splendid,壮丽的
grand,宏伟的
magnificent,华丽的
super,超级的
interesting,有趣的
dramatic,戏剧性的
wilderness,荒野
desert,沙漠
deforest,砍伐森林
barren,贫瘠的
fertile,肥沃的
fertilise,施肥
fertilize,施肥
solar,太阳的
lunar,月球的
calendar,日历
sunrise,日出
sunset,日落
eclipse,日食；月食
dusk,黄昏
heaven,天堂
paradise,乐园
sunshine,阳光
shade,阴凉处
shadow,影子
vapour,蒸汽
vapor,蒸汽
evaporate,蒸发
circulate,循环
precipitate,使沉淀；促成
reservoir,水库
waterfall,瀑布
fountain,喷泉
spring,泉；春天
dew,露水
pour,倾倒
drain,排水
drip,滴下
drown,淹死
blow,吹
puff,喷出
gush,涌出
dense,浓密的
intensity,强度
intensive,强烈的
emerge,出现
flash,闪光
float,漂浮
environment,环境
surrounding,周围的
condition,条件
situation,情况
nature,自然
natural,天然的
artificial,人造的
synthetic,合成的
petrol,汽油
gas,气体；煤气
gasoline,汽油
petroleum,石油
photosynthesis,光合作用
respire,呼吸
dioxide,二氧化物
vegetation,植被
herb,草本植物
perennial,多年生的
botany,植物学
ecology,生态学
ecosystem,生态系统
eco-friendly,环保的
horticulture,园艺
organism,生物体
genetics,遗传学
mutation,突变
variation,变异
diversity,多样性
hybridisation,杂交
hybridization,杂交
classify,分类
reproduce,繁殖
evolve,进化
fluctuate,波动
reclaim,开垦
cultivate,耕作
sow,播种
harvest,收获
pluck,采摘
pick,捡起；挑选
yield,产量；屈服
rear,饲养
arable,可耕种的
plough,犁
plow,犁
spade,铁锹
rake,耙子
stack,堆叠
heap,一堆
bundle,捆
bunch,串；群
vase,花瓶
sunlight,阳光
short-day,短日照的
shade-tolerant,耐阴的
fungus,真菌
mould,霉菌
mold,霉菌
pollen,花粉
germinate,发芽
seed,种子
burgeon,发芽；迅速成长
bud,花蕾
flower,花
blossom,开花
bloom,开花
scent,香味
aromatic,芳香的
ripen,成熟
fruit,水果
wither,枯萎
decompose,分解
rot,腐烂
decay,腐烂；衰退
stale,陈旧的
rainforest,热带雨林
jungle,丛林
plantation,种植园
field,田野
terrace,梯田
timber,木材
charcoal,木炭
log,原木
logo,标志
forestry,林业
branch,树枝
trunk,树干；后备箱
bough,大树枝
root,根
hay,干草
straw,稻草
reed,芦苇
thorn,刺
weed,野草
grass,草
meadow,草地
lawn,草坪
olive,橄榄
pine,松树
vine,葡萄藤
violet,紫罗兰
tulip,郁金香
mint,薄荷
reef,礁
alga,藻类
enzyme,酶
catalyst,催化剂
release,释放
emission,排放
absorb,吸收
circulation,循环
exceed,超过
uptake,摄入
nutrient,营养物质
energy,能量
surroundings,周围环境
mechanism,机制
counterbalance,抗衡
protect,保护
preserve,保存；保护
conservation,保护；节约
bush fire,丛林火灾
extinguish,熄灭
destruct,摧毁
ruin,毁灭
perish,灭亡；枯萎
demolish,拆除
infringe,侵犯
undermine,破坏
extinction,灭绝
pattern,模式
outcome,结果
impact,影响
seasonal,季节性的
experimental,实验性的
favourable,有利的
favorable,有利的
productive,多产的
effective,有效的
efficient,高效的
considerable,相当大的
massive,巨大的
immense,巨大的
maximal,最大的
minimal,最小的
optimal,最佳的
optimum,最佳的
biologist,生物学家
zoologist,动物学家
ecologist,生态学家
botanist,植物学家
mammal,哺乳动物
primate,灵长类动物
vertebrate,脊椎动物
reptile,爬行动物
amphibian,两栖动物
carnivore,食肉动物
herbivore,食草动物
creature,生物
wildlife,野生动物
fauna,动物群
flora,植物群
species,物种
flock,鸟群；羊群
herd,兽群
swarm,昆虫群
throng,人群
crowd,人群
beast,野兽
brute,残忍的人
cruel,残酷的
originate,起源于
derive,衍生
stem,茎；起源于
ancestor,祖先
descendant,后代
offspring,后代
subgroup,子群
feed,喂养
breed,繁殖；品种
interbreed,杂交
hybridize,杂交
hybridise,杂交
proliferate,繁殖；增殖
sterility,不育
mate,配偶；交配
courtship,求爱
lay,下蛋
hatch,孵化
brood,一窝
spawn,产卵
mature,成熟的
skin,皮肤
claw,爪子
paw,脚掌
beak,鸟嘴
fin,鳍
wing,翅膀
plume,羽毛
feather,羽毛
fur,皮毛
bristle,短且硬的毛
curl,卷发
insect,昆虫
worm,蠕虫
pest,害虫
parasite,寄生虫
spider,蜘蛛
butterfly,蝴蝶
mosquito,蚊子
cricket,蟋蟀
penguin,企鹅
seal,海豹；印章
tortoise,陆龟
turtle,海龟
whale,鲸鱼
kangaroo,袋鼠
camel,骆驼
panda,熊猫
elephant,象
ivory,象牙
horn,角
bear,熊
wolf,狼
dragon,龙
fox,狐狸
cub,幼兽
calf,幼崽
pup,小狗
lamb,小羊
cattle,牛
ox,公牛
bull,公牛
buffalo,水牛
horse,马
zebra,斑马
donkey,驴
saddle,马鞍
harness,马具；利用
falcon,猎鹰
hawk,老鹰
eagle,雕
owl,猫头鹰
swallow,燕子；吞咽
sparrow,麻雀
pigeon,鸽子
crow,乌鸦
swan,天鹅
goose,鹅
cock,公鸡
mouse,老鼠
rat,大老鼠
squirrel,松鼠
hare,野兔
frog,青蛙
behaviour,行为
behavior,行为
bite,咬
sting,螯
bark,吠
roar,咆哮
rub,摩擦
creep,爬行
crawl,蠕动
habitat,栖息地
nest,鸟巢
hive,蜂巢
cell,细胞
cage,笼子
stable,稳定的；马厩
barn,谷仓
hedge,树篱
barrier,屏障
bar,条；杠
anatomy,解剖学
epidemic,传染病
gene,基因
germ,细菌
bacteria,细菌
virus,病毒
microbe,微生物
metabolism,新陈代谢
protein,蛋白质
vitamin,维生素
secrete,分泌
excrete,排泄
devour,吞食
instinct,本能
intuitive,直觉的
potential,潜能
intelligence,智力
functional,功能的
sensitive,敏感的
flexible,灵活的
acoustic,听觉的
optical,光学的
nocturnal,夜间活动的
dormant,休眠的
hibernation,冬眠
track,追踪
trace,追踪
alternate,交替
prey,猎物
predator,捕食者
victim,受害者
captive,俘虏
defensive,防御的
undergo,经历
suffer,遭受
vulnerable,易受伤害的
subsistence,生存
exist,存在
exterminate,根除
tame,驯服的
keeper,看守
shepherd,牧羊人
galaxy,星系
cosmos,宇宙
universe,宇宙
interstellar,星际的
terrestrial,陆地的
celestial,天上的
astronomy,天文学
astrology,占星术
astronaut,宇航员
comet,彗星
meteorite,陨石
crater,坑
dust,灰尘
ash,灰
envelope,信封
chunk,厚块
spacecraft,航天器
spaceship,太空船
probe,探测器
module,模块
propulsion,动力
pressure,压力
dynamics,动力学
motion,运动
vent,排放口
tail,尾巴
curve,曲线
exploration,探索
expedition,远征
flyby,飞越
observatory,天文台
telescope,望远镜
spectacle,壮观场面
orbit,轨道
ecliptic,黄道
diameter,直径
radius,半径
substance,物质
composition,成分
compound,化合物
fossil,化石
sample,样品
specimen,标本
particle,粒子
molecule,分子
atom,原子
ion,离子
electron,电子
quantum,量子
liquid,液体
fluid,流体
solid,固体
synthesise,合成
synthesize,合成
formation,形成
method,方法
spectrum,光谱
dimension,维度
frequency,频率
signal,信号
antenna,天线
circuit,电路
refraction,折射
ultraviolet,紫外线
radioactive,放射性的
distinct,明显的
discernible,可辨别的
invisible,不可见的
collision,碰撞
squash,压碎
fragment,碎片
cataclysmic,灾难性的
overwhelming,压倒性的
despair,绝望
desperate,绝望的
hopeless,无望的
education,教育
primary,初级的
secondary,二级的
university,大学
college,学院
institute,研究所；学院
academy,研究院
learn,学习
study,研究；学习
acquire,获得
knowledge,知识
expertise,专业知识
novice,新手
recruit,招募
literate,有文化的人
illiteracy,文盲
numerate,能识数的
problem,问题
issue,问题；发行
affair,事务
controversial,有争议的
puzzle,难题
riddle,谜语
obscure,模糊的
instil,灌输
instill,灌输
cram,死记硬背
emphasise,强调
emphasize,强调
enhance,提高
enable,使能够
inspire,激励
motive,动机
motivate,激发
stimulate,刺激
spur,刺激
impetus,动力
indulge,放纵
spoil,溺爱；变质
abuse,虐待；滥用
intelligent,聪明的
clever,聪明的
smart,聪明的
all-round,全面的
all-around,全面的
genius,天才
elite,精华；精英
idiot,白痴
wisdom,智慧
wit,风趣；才智
aptitude,天资
capable,有能力的
excellent,优秀的
outstanding,杰出的
brilliant,辉煌的
prestige,名望
reputation,声誉
eminent,杰出的
notorious,臭名昭著的
esteem,尊重
respect,尊重
diligent,勤勉的
painstaking,辛苦的
skill,技能
approach,方法
scheme,计划
headmaster,校长
principal,主要的；校长
dean,系主任
faculty,教职工；学院
professor,教授
scholar,学者
scientist,科学家
mentor,导师
tutor,辅导教师
lecturer,讲师
assistant,助手
candidate,候选人
degree,学位；程度
qualify,使有资格
certify,证明
license,执照
licence,执照
permit,执照；允许
diploma,文凭
diplomat,外交官
ambassador,大使
pupil,学生；瞳孔
graduate,毕业生
ceremony,典礼
bachelor,学士；单身汉
master,硕士；大师
doctor,博士；医生
fresher,大一新生
sophomore,大二学生
junior,大三学生；年少者
senior,大四学生；年长者
alumni,校友
campus,校园
orientation,迎新；取向
platform,平台
coed,男女同校的
co-educational,男女同校的
register,注册
roster,名册
enrol,招收
enroll,招收
matriculation,大学录取
accommodation,住宿
dorm,宿舍
dining hall,食堂
canteen,食堂
laboratory,实验室
lab,实验室
experiment,实验
data,数据
quantity,数量
quality,质量
library,图书馆
literature,文学
article,文章
author,作者
tale,故事
fiction,小说
story,故事
diary,日记
poetry,诗歌
magazine,杂志
journal,刊物
coverage,新闻报道
bibliography,参考书目
encyclopedia,百科全书
encyclopaedia,百科全书
biography,传记
documentary,纪录片
series,系列
record,记录
file,档案
profile,简介
draft,草稿
sketch,素描
brochure,小册子
manual,手册；手动的
frame,框架
index,索引
catalogue,目录
catalog,目录
category,类别
inventory,清单
content,内容；满足的
context,语境
list,列表
chapter,章节
volume,卷；体积
reel,卷筒
subject,科目；主题
object,物体；反对
major,主要的；专业
minor,轻微的；辅修
sociology,社会学
politics,政治
economics,经济学
marketing,市场营销
accounting,会计
audit,审计
statistics,统计学
psychology,心理学
philosophy,哲学
logic,逻辑
biology,生物学
physics,物理学
chemistry,化学
agriculture,农业
logistics,物流
geography,地理
history,历史
engineering,工程
mechanics,力学
electronics,电子学
maths,数学
mathematics,数学
arithmetic,算术
geometry,几何
algebra,代数
calculus,微积分
plus,加
sum,和
total,总计
merger,合并
equation,等式
identical,恒等的
minus,减
subtract,减去
multiply,乘
divide,除
dividend,红利；被除数
remainder,余数
rational,有理的；理性的
parameter,参数
variable,变量
even,偶数的；平坦的
odd,奇数的；古怪的
mean,平均值；意味着
double,两倍的
triple,三倍的
quadruple,四倍的
multiple,倍数；多样的
maximum,最大值
minimum,最小值
approximately,大概
chart,图表
graph,图表
diagram,图表
table,表格；桌子
matrix,矩阵
rectangle,长方形
cube,立方体
angle,角度
triangle,三角形
diagonal,对角线
straight,直的
circle,圆
round,圆的
dot,点
sphere,球
cone,圆锥
extent,程度
width,宽度
length,长度
decimal,小数的
percent,百分比
per cent,百分比
proportion,比例
rate,速率；比例
ratio,比；比率
fraction,分数；小部分
scale,规模；天平
ounce,盎司
density,密度
Fahrenheit,华氏的
mercury,水银
battery,电池
volt,伏特
radiate,辐射
emit,发出
transparent,透明的
hollow,空的
ozone,臭氧
gravity,重力
friction,摩擦
eccentric,古怪的
displace,取代；置换
boil,沸腾
melt,融化
dissolve,溶解
rust,锈
ferment,发酵
dilute,稀释
acid,酸
noxious,有害的
static,静态的
inert,惰性的
inherent,固有的
formula,公式
component,成分
compose,组成
mixture,混合物
blend,混合
theory,理论
empirical,经验主义的
practical,实用的
doctrine,教义
principle,原则
discipline,学科；纪律
term,学期；术语
semester,学期
timetable,时刻表
schedule,进度表
deadline,最后期限
course,课程
lesson,课
curriculum,课程
seminar,研讨会
forum,论坛
syllabus,教学大纲
system,系统
rudimentary,基础的
basic,基础的
fundamental,基本的
elementary,基本的
profound,深奥的
surface,表面
compulsory,强制的
prerequisite,前提条件
selective,选拔的
elective,选修的
assignment,作业
submit,提交
preview,预习
review,复习
revise,修改
inspect,检查
consult,咨询
skim,略读
scan,扫描；细看
scrutinise,细阅
scrutinize,细阅
recite,背诵
dictate,听写
examination,考试
exam,考试
test,测试
quiz,测验
presentation,陈述
plagiarise,剽窃
plagiarize,剽窃
copy,照搬；复写
print,印刷
thesis,论文
essay,短论
paper,报告；论文
dissertation,专题论文
project,研究课题
heading,标题
outset,开端
outline,大纲
point,论点
gist,要点
opinion,意见
introduce,介绍
reference,参考
cite,引用
elicit,得出
quote,引用
extract,摘录
abstract,摘要
summary,总结
assume,假定
presume,假设
suppose,假设
hypothesis,假设
postulate,假设
speculate,推测
predict,预言
perceive,察觉
detect,察觉
discern,辨别
recognise,识别
recognize,识别
conscious,有意识的
reckon,估计
deem,认为
imply,暗示
deliberate,深思熟虑的
represent,代表
insist,坚持要求
persist,坚持
understand,理解
comprehend,理解
analyse,分析
analyze,分析
diagnose,诊断
infer,推断
deduce,推导
conclude,推断出
analogy,类比
compare,比较
contrast,对比
overlap,重叠
contradiction,矛盾
disagree,不同意
differ,不同
diverse,多样的
nuance,细微差别
inductive,归纳的
detail,细节
thorough,彻底的
example,例子
instance,实例
confirm,确认
demonstrate,演示
illustrate,阐明
manifest,证明
prove,证明
determine,确定
decide,决定
resolve,下决心
survey,调查
research,研究
observe,观察
inquire,咨询
enquire,查询
query,疑问
questionnaire,问卷
achieve,实现
accomplish,完成
attain,获得
credit,学分
score,分数
mark,打分
grade,打分
rank,排名
row,排
queue,列
grant,补助金
praise,赞美
appreciate,感激
feedback,反馈
underestimate,低估
overestimate,高估
apply,申请
fellowship,奖学金
scholarship,奖学金
reward,报酬
award,奖励
prize,奖品
fee,费
technology,技术
technique,技巧
polytechnic,理工学院
engineer,工程师
mechanic,机修工
advance,进步
innovate,创新
breakthrough,突破
gizmo,小发明
patent,专利
devise,设计
invent,发明
discover,发现
disclose,透露
reveal,揭示
uncover,揭开
expose,暴露
domain,领域
realm,范畴
foundation,基础
specialise,专门研究
specialize,专门研究
concentrate,集中
focus,聚焦
utilise,利用
utilize,利用
usage,用法
tester,试验器
device,装置
appliance,器具
facility,设备
equipment,器材
instrument,仪器
tool,工具
gauge,测量仪表
measure,测量
calculate,计算
compute,估算
count,数
estimate,估计
assess,评定
evaluate,估价
accessory,附件
byproduct,副作用
auxiliary,辅助的
versatile,多才多艺的
add,增加
accumulate,累计
assemble,集合
gather,汇集
attach,装上
belong,应归入
optics,光学
microscope,显微镜
lens,透镜
radar,雷达
echo,回声
sensor,传感器
multimedia,多媒体
network,网络
browser,浏览器
dial,刻度盘
microcomputer,微型计算机
laptop,笔记本电脑
software,软件
keyboard,键盘
screen,屏幕
loudspeaker,扬声器
microphone,麦克风
cassette,盒式磁带
tape,磁带
binary,二进制的
digital,数字的
wireless,无线的
high-definition,高清晰度的
audio,音频的
vision,幻象；视觉
fantasy,幻想
science fiction,科幻小说
sci-fi,科幻小说
pump,泵
generator,发电机
gear,齿轮
pivot,枢轴
hydraulic,液压的
drainage,排水
sewage,污水
ventilation,通风
compress,压缩
condense,凝缩
refine,精炼
simplify,简化
purify,净化
filter,过滤
distil,蒸馏
distill,蒸馏
mode,方式
prototype,原型
framework,构架
aspect,方面
phase,阶段
operate,运转
facilitate,使便利
transform,转换
convert,改变
alter,改动
shift,转移
turn,转变
adapt,使适应
adjust,调节
pinpoint,精确地找出
accurate,精确的
precise,精确的
correct,正确的
error,差错
mistake,错误
flaw,缺陷
wrong,错误的
fault,毛病
stumble,绊倒
contingency,偶发事件
circumstance,环境；境况
culture,文化
civilisation,文明
civilization,文明
renaissance,文艺复兴
epic,史诗
ideology,意识形态
tradition,传统
convention,习俗
custom,风俗
feudalism,封建制度
slavery,奴隶制
ethical,道德的
moral,道德的
tribe,部落
aboriginal,土著的
inhabitant,居民
native,本地人
local,当地的
exotic,异国情调的
foreigner,外国人
alien,外星人；外国人
anthropologist,人类学家
humanitarian,人道主义者
heritage,遗产
inherit,继承
antique,古董
archaeology,考古学
excavate,挖掘
museum,博物馆
pottery,陶器
engrave,雕刻
decorate,装饰
religion,宗教
ritual,仪式
etiquette,礼节
belief,信仰
soul,灵魂
spirit,精神
sacred,神圣的
hallowed,神圣的
holy,神圣的
Pope,教皇
bishop,主教
missionary,传教士
priest,牧师
Bible,圣经
church,教堂
cathedral,大教堂
choir,合唱队
monk,僧侣
temple,庙宇
pagoda,宝塔
empire,帝国
imperial,帝国的
royal,王室的
dynasty,王朝
chronology,年表
emperor,皇帝
king,国王
queen,女王
prince,王子
princess,公主
majesty,陛下；雄伟
nobility,贵族
lord,领主
knight,骑士
guardian,护卫者
nostalgia,怀旧
homesick,想家的
celebrity,名人
status,地位
background,背景
experience,经验
anecdote,轶事
accident,事故
incident,发生的事
thrive,繁荣
prosperity,繁荣
setback,挫折
adversity,逆境
language,语言
symbol,符号
sign,标记
gesture,手势
handwriting,书法
pictograph,象形文字
wedge,楔子
knot,结
linguistics,语言学
semantic,语义的
syntax,句法
grammar,语法
phonetics,语音学
pronounce,发音
intonation,语调
inflection,语调的抑扬
dialect,方言
accent,口音
utterance,言语
oral,口头的
verbal,口头的
syllable,音节
phoneme,音素
vowel,元音
consonant,辅音
alphabet,字母表
logogram,语标符号
vocabulary,词汇
dictionary,字典
idiom,成语
phrase,短语
clause,从句
expression,词句
tense,时态
prefix,前缀
suffix,后缀
abbreviation,缩写词
synonym,同义词
antonym,反义词
noun,名词
singular,单数的
plural,复数的
pronoun,代词
verb,动词
adjective,形容词
adverb,副词
preposition,介词
conjunction,连词
consistent,一致的
complicated,复杂的
complex,复杂的
compile,汇编
version,译本；版本
translate,翻译
paraphrase,解释
interpret,口译
narrate,叙述
illuminate,阐明
decipher,译解
eloquence,雄辩
communicate,交流
discussion,讨论
brainstorm,头脑风暴
debate,辩论
commentary,解说
negotiate,谈判
contention,争论
medium,媒体
press,报刊
journalist,新闻记者
critic,评论家
commentator,评论员
exponent,解释者
announcer,播音员
correspondent,通讯员
messenger,报信者
editor,编辑
typist,打字员
handout,施舍物
leaflet,传单
propaganda,宣传
publish,发表
disseminate,散布
foresee,预见
anticipate,预料
expect,期待
await,等候
pastime,消遣
entertain,娱乐
recreation,消遣
amuse,逗乐
gossip,流言蜚语
rumour,谣言
rumor,谣言
consensus,意见一致
festival,节日
feast,盛宴
programme,节目
program,节目
rehearsal,排演
perform,演出
imitate,模仿
mimic,模仿
simulate,模拟
circus,马戏团
magic,魔术
drama,戏剧
concert,音乐会
symphony,交响曲
orchestra,管弦乐队
ballet,芭蕾舞
opera,歌剧
comedy,喜剧
tragedy,悲剧
animation,动画
film,电影
movie,电影
X-rated,X级的
artist,艺术家
craftsman,工匠
painter,画家
role,角色
scene,场景
stage,舞台
gallery,画廊
exhibition,展览
aesthetic,美学的
esthetic,美学的
collect,收藏
select,挑选
opt,挑选
photograph,照相
portrait,肖像
painting,油画
sculpture,雕塑
draw,画
depict,描绘
describe,描写
carve,雕刻
improvise,临时凑成
musical,音乐的
classical,古典的
jazz,爵士乐
rock,摇滚乐
hip-hop,希普霍普
pop,流行音乐
lyric,抒情词
band,乐队
solo,独奏
melody,旋律
rhythm,节奏
tone,音调
tune,曲调
disc,唱片
disk,磁碟
piano,钢琴
violin,小提琴
cello,大提琴
guitar,吉他
harmonica,口琴
trumpet,喇叭
drum,鼓
flute,笛子
competition,竞赛
tournament,锦标赛
Olympic,奥林匹克的
sponsor,赞助人
patron,赞助人
athlete,运动员
champion,冠军
spectator,观众
volunteer,志愿者
famous,著名的
well-known,众所周知的
energetic,精力充沛的
vigorous,精力旺盛的
stadium,体育场
gym,体育馆
training,训练
exercise,练习
indoor,室内的
outdoor,室外的
mobile,移动的
movement,动作
yoga,瑜伽
sprawl,伸开四肢坐
stretch,伸展
strain,拉紧
chess,象棋
badminton,羽毛球
golf,高尔夫球
billiards,台球
soccer,英式足球
tennis,网球
volleyball,排球
hockey,曲棍球
goal,得分
bat,球棒
racket,球拍
kick,踢
knock,敲
flip,轻弹
pitch,投掷
throw,扔
toss,扔
slide,滑
slip,滑倒
glide,滑行
tumble,摔倒
ski,滑雪
skate,溜冰
cycling,自行车运动
dive,潜水
drift,漂流
jump,跳
leap,跳跃
plunge,投入
hop,单脚跳
bounce,弹回
tent,帐篷
camp,野营
picnic,野餐
hunt,猎取
race,赛跑
marathon,马拉松
pedestrian,徒步的
pace,步子
step,步
excursion,远足
cruise,乘船游览
trip,旅行
vacation,休假
hike,徒步旅行
jog,慢跑
stride,大步走
wander,漫步
linger,流连
lag,落后
climb,攀登
pull,拉
drag,拖
bend,弯曲
bow,鞠躬
stuff,材料；东西
item,项目；条款
merchandise,商品
souvenir,纪念品
artifact,手工艺品
artefact,手工艺品
material,材料
raw,生的；未加工的
crude,天然的
necessity,必需品
outfit,全套装备
kit,成套工具
utensil,器皿
garbage,垃圾
rubbish,垃圾
trash,垃圾
recycle,回收
reuse,再使用
litter,乱丢
waste,废料
junk,废旧杂物
landfill,垃圾填埋场
sewerage,排水系统
detergent,清洁剂
lotion,洗剂
shampoo,洗发剂
soap,肥皂
tub,浴盆
plug,塞子
tap,龙头
pipe,管子
tube,管子
mop,拖把
broom,扫帚
sweep,清扫
mattress,床垫
carpet,地毯
rug,地毯
mat,席子
cushion,垫子
pad,衬垫
blanket,毛毯
quilt,被子
sheet,床单
pillow,枕头
sponge,海绵
towel,毛巾
staple,订书钉
nail,钉子
razor,剃刀
shave,刮
fuse,保险丝
cable,缆
cord,细绳
strand,绳
match,火柴
candle,蜡烛
wax,蜡
portfolio,公文包
paperback,平装本
pamphlet,小册子
tissue,纸巾
cover,封面
Xerox,复印
duplicate,复制
memorandum,备忘录
stationery,文具
glue,胶水
ink,墨水
rubber,橡胶
scissors,剪刀
shear,剪
edge,边缘
rim,边
element,要素
factor,因素
section,部分
tag,标签
label,标签
badge,徽章
bolt,螺栓
knob,旋钮
handle,把手
shutter,百叶窗
curtain,窗帘
pane,窗格玻璃
opacity,不透明性
jar,罐子
barrel,桶
bucket,水桶
pail,桶
phone,电话
bell,钟
camera,照相机
portable,轻便的
spotlight,探照灯
lantern,灯笼
bulb,灯泡
flashlight,手电筒
refrigerator,冰箱
fridge,冰箱
vacuum,真空
fan,风扇
switch,开关
hurdle,篱笆
fence,栅栏
pedal,踏板
shelf,架子
ladder,梯子
lift,电梯
stool,凳子
drawer,抽屉
umbrella,伞
raincoat,雨衣
dredge,清淤
can,罐子
mill,磨坊
forge,锻造
alloy,合金
metal,金属
iron,铁
lead,铅
brass,黄铜
bronze,青铜
cement,水泥
lime,石灰
plaster,灰泥
leather,皮革
plastic,塑料
fiber,纤维
fibre,纤维
fabric,织物
knit,编织
weave,编织
canvas,帆布
linen,亚麻
cotton,棉花
nylon,尼龙
lumber,木材
wooden,木制的
mine,矿
pit,坑
fuel,燃料
lubricate,润滑
diamond,钻石
crystal,水晶
inferior,低等的
counterfeit,伪造的
fake,冒充的
fragile,易碎的
miniature,微型的
available,现有的
durable,耐用的
fashion,时尚
style,风格
trend,趋向
tendency,倾向
popularity,流行
vogue,时尚
prevail,流行
model,模特
icon,图标
idol,偶像
luxury,奢侈
extravagant,多余的
jewelry,珠宝
jewellery,珠宝
jewel,宝石
gem,宝石
jade,玉
adorn,装饰
ornament,装饰
embellish,装饰
embroider,刺绣
hairdressing,美发
pigment,颜料
dye,染料
masquerade,化装舞会
veil,面纱
costume,服装
fascinate,入迷
decent,正派的
exquisite,精致的
grace,优雅
elegance,高雅
perfect,完美的
appearance,外观
cosmetics,化妆品
make-up,化妆
handsome,英俊的
charming,迷人的
pretty,漂亮的
beautiful,美丽的
ugly,丑陋的
dress,穿着
clothe,穿着
uniform,制服
garment,服装
laundry,洗衣店
wardrobe,衣柜
overall,工装
overcoat,大衣
robe,袍子
gown,长裙
sweater,运动衫
jacket,夹克
skirt,裙子
jeans,牛仔裤
trousers,裤子
clasp,扣子
button,按钮
glove,手套
hat,帽子
cap,帽子
brim,边
scarf,围巾
handkerchief,手帕
purse,钱包
wallet,钱包
vest,背心
wrap,包裹
cloak,斗篷
collar,领子
sleeve,袖子
sock,短袜
stocking,长袜
slipper,拖鞋
boot,靴子
lace,花边
tailor,鞋匠
sew,鞋
spin,纺织
stitch,缝合
needle,针
pin,别针
string,线
thread,线
strap,带子
stripe,条纹
ribbon,丝带
belt,腰带
chain,链子
bracelet,手镯
necklace,项链
bead,小珠子
textile,纺织品
velvet,丝绒
wool,羊毛
patch,补丁
rag,抹布
shabby,简陋的
tight,紧的
colour,颜色
color,颜色
white,白色
yellow,黄色
brown,棕色
grey,灰色
gray,灰色
pink,粉红色
purple,紫色
tan,棕褐色的
fade,褪色
stain,染色
blot,墨迹
figure,体形
slender,苗条的
slight,轻微的
food,食物
diet,饮食
appetite,胃口
treat,款待
cater,迎合
provision,供给
edible,可食用的
recipe,食谱
restaurant,餐馆
refectory,餐厅
cafeteria,自助餐厅
buffet,自助餐
barbecue,烧烤
supper,晚餐
banquet,宴会
refreshment,点心
snack,快餐
appetiser,开胃食品
appetizer,开胃食品
cuisine,菜肴
menu,菜单
order,定购
takeaway,外卖
chef,厨师
gourmet,美食家
vegetarian,素食者
cutlery,餐具
silver,银器
ceramic,陶瓷的
porcelain,瓷
bowl,碗
dish,盘
saucer,碟
tray,托盘
fork,叉
knife,刀
spoon,匙
glass,玻璃杯
mug,大杯
kettle,水壶
pan,平底锅
pot,罐
stove,火炉
furnace,熔炉
oven,烤箱
tin,锡
lid,盖子
drink,饮料
beverage,饮料
juice,果汁
soda,苏打水
coffee,咖啡
alcohol,酒精
liquor,酒
whisky,威士忌
whiskey,威士忌
brandy,白兰地
drunk,酒醉的
tobacco,烟草
cigarette,香烟
sober,清醒的
vegetable,蔬菜
tomato,西红柿
potato,土豆
pea,豌豆
bean,菜豆
cucumber,黄瓜
cabbage,卷心菜
onion,洋葱
mushroom,蘑菇
eggplant,茄子
carrot,胡萝卜
turnip,芜菁
radish,萝卜
peel,剥皮
strip,剥去
hull,外壳
cherry,樱桃
berry,浆果
grape,葡萄
papaya,木瓜
peach,桃
pear,梨
plum,李子
orange,橙子
melon,瓜
lemon,柠檬
kiwi,奇异果
crop,作物
corn,玉米
grain,谷物
wheat,小麦
reap,收割
flour,面粉
porridge,粥
paste,糊
livestock,家畜
chicken,小鸡
turkey,火鸡
beef,牛肉
pork,猪肉
mutton,羊肉
sausage,香肠
fish,鱼
pond,池塘
rod,杆
dairy,乳制品
milk,牛奶
yogurt,酸奶
cream,奶油
cheese,乳酪
butter,黄油
salad,沙拉
sandwich,三明治
hamburger,汉堡包
loaf,一条面包
pie,派
pizza,比萨饼
pasta,意大利面
spaghetti,意大利式细面条
soup,汤
pudding,布丁
biscuit,饼干
jam,果酱
nut,坚果
chocolate,巧克力
ice cream,冰淇淋
vanilla,香草
mustard,芥末
wasabi,芥末
pepper,胡椒
ginger,姜
garlic,大蒜
scallion,青葱
vinegar,醋
salt,盐
sugar,糖
candy,糖果
honey,蜂蜜
flavor,味道
flavour,味道
sour,酸的
sweet,甜的
bitter,苦的
spicy,辛辣的
delicious,美味的
yummy,好吃的
tasty,好吃的
hunger,饥饿
thirsty,口渴的
spice,调料
sauce,酱
ketchup,番茄酱
perfume,香水
ingredient,成分
supplement,增刊
digest,消化
cook,烹调
bake,烘烤
fry,油炸
roast,烤
toast,烘烤
suck,吸入
lick,舔
chew,嚼
gum,口香糖
soak,浸泡
dip,浸
squeeze,挤
stir,搅动
grind,研磨
slice,切片
architecture,建筑学
erection,竖立
structure,结构
construct,建造
obstruct,妨碍
establish,建立
build,建造
found,创办
concrete,混凝土
steel,钢
stability,稳定性
site,地点
venue,会场
landmark,地标
situated,位于
locate,查找…的地点
reside,居住
inhabit,居住于
migrate,移居
settle,安置
dwelling,住宅
skyscraper,摩天大楼
villa,别墅
mansion,大厦
apartment,公寓
hostel,旅店
lodge,寄宿
hut,棚屋
cabin,小木屋
cellar,地窖
shed,棚子
cottage,村舍
nursery,育婴室
cradle,摇篮
shelter,遮荫处
block,街区
grid,网格
aisle,通道
porch,门廊
corridor,走廊
stair,楼梯
staircase,楼梯
storey,楼层
layer,层
elevator,电梯
escalator,扶梯
handrail,扶手
pillar,柱子
column,圆柱
beam,梁
vault,地下室
arch,拱门
ceiling,天花板
eaves,屋檐
chimney,烟囱
reception,接待
lobby,大厅
bench,长凳
parlour,客厅
parlor,客厅
fireplace,壁炉
radiator,散热器
living room,起居室
cabinet,橱柜
balcony,阳台
kitchen,厨房
lavatory,厕所
toilet,厕所
bath,洗澡
basin,盆
reserve,储备
store,商店
mall,商场
supermarket,超市
booth,货摊
casino,赌场
studio,工作室
downtown,市中心
urban,城市的
peripheral,周边的
vicinity,附近
room,房间
void,空间
spacious,宽敞的
airtight,不透气的
expanse,广阔
plaza,露天广场
castle,城堡
carpenter,木匠
mason,石匠
tile,瓷砖
brickwork,砖瓦工程
suspension,悬挂
hook,钩子
lever,杠杆
scaffold,脚手架
infrastructure,基础设施
apparatus,器械
crane,起重机
malfunction,发生故障
maintain,保持
fix,修理
mend,修理
modify,修改
trim,修整
weld,焊接
saw,锯
screw,螺丝钉
drill,钻孔
plumb,垂直
viaduct,高架桥
span,跨度
dam,水坝
install,安装
furnish,布置
placement,布局
layout,设计
design,设计
entrance,入口
entry,入口
enter,进入
exit,出口
outside,外部
outward,向外的
exterior,外部的
external,外部的
inner,内部的
interior,内部的
inward,向内的
internal,内部的
navigate,导航
voyage,航行
aviation,飞行
journey,旅行
travel,旅行
safari,旅行
parade,游行
haunt,经常去的地方
attraction,吸引力
memorial,纪念碑
pyramid,金字塔
port,港口
visa,签证
traffic,交通
airline,航空公司
airplane,飞机
helicopter,直升飞机
jet,喷气式飞机
parachute,降落伞
flight,航班
pilot,飞行员
passenger,乘客
baggage,行李
luggage,行李
suitcase,手提箱
carry-on,手提箱
rack,架子
freight,货运
fare,票价
atlas,地图集
route,路线
itinerary,旅游行程
passage,走廊
intersection,十字路口
cross,十字形物
way,道路
path,小路
lane,车道
avenue,林荫大道
highway,公路
curb,路缘
signpost,路标
pave,铺
vehicle,交通工具
auto,汽车
express,快车
tram,有轨电车
coach,大客车
ambulance,救护车
truck,卡车
lorry,卡车
van,面包车
wagon,马车
carriage,客车车厢
tractor,拖拉机
cart,车
pedicab,三轮车
cycle,循环
garage,汽车间
motor,汽缸
horsepower,马力
wheel,轮
brake,刹车
tire,轮胎
tyre,轮胎
honk,喇嘛声
crew,船员
captain,船长
steward,服务员
emergency,紧急情况
wreck,失事
crash,坠落
crush,压碎
dash,猛撞
vanish,消失
disappear,消失
hazard,危险
harbour,海港
harbor,海港
dock,船坞
anchor,锚
submerge,淹没
sailor,海员
seaman,海员
carrier,运输器
steamer,汽船
liner,定期班机
vessel,船只
ferry,渡船
sail,航行
raft,木筏
canoe,划子
oar,浆
deck,甲板
turbine,涡轮机
propeller,螺旋桨
stern,船尾
aboard,在船上
embark,上船
channel,频道
canal,运河
ditch,渠
railroad,铁路
railway,铁路
locomotive,火车头
subway,地铁
underground,地下的
tunnel,隧道
rail,铁轨
depart,出发
arrive,到达
destination,目的地
delay,耽搁
postpone,延期
defer,延期
lull,间歇
expire,期满
due,应付的
postage,邮资
stamp,邮票
mail,邮件
packet,小包
package,包裹
bind,捆贴
parcel,邮包
load,负荷
burden,负担
transfer,转移
transmit,传送
transit,转运
deliver,传递
convey,运送
speed,速度
velocity,速度
swift,迅速的
republic,共和国
Marxism,马克思主义
socialism,社会主义
communism,共产主义
regime,政权
government,政府
authority,权威
political,政治的
hierarchy,等级制度
democracy,民主
bureaucracy,官僚主义
egalitarian,平等主义
materialism,唯物主义
revolution,革命
reform,改革
process,过程
conservative,保守的
meltdown,崩毁
municipal,市政的
neutral,中立的
bilateral,两边的
arena,竞技场
flag,旗帜
banner,横幅
president,总统
premier,总理
minister,部长
secretary,秘书
parliament,议会
senate,参议院
conference,会议
meeting,会议
headquarters,总部
delegation,代表团
behalf,利益
police,警察
statesman,政治家
mayor,市长
service,服务
office,办公室
bureau,局
department,部门
administration,行政机关
dominate,支配
power,权力
influence,影响力
affect,影响
importance,重要性
significance,重要性
organization,组织
organisation,组织
association,协会
union,工会
community,社团
consortium,财团
league,同盟
institution,协会
unite,团结
unique,唯一的
nation,国家
global,全球的
worldwide,全世界的
federal,联邦的
foreign,外国的
overseas,海外的
abroad,到国外
civil,公民的
emigrate,移居国外
immigrate,移入
reign,统治
puppet,木偶
throne,王位
crown,王冠
wreath,花圈
colony,殖民地
liberty,自由
independence,独立
slum,贫民窟
refuge,避难处
asylum,收容所
population,人口
demographic,人口统计学
citizen,公民
resident,居民
ethnic,种族的
racial,种族的
clan,宗族
franchise,选举权
entitle,赋与权利
preference,偏爱
vote,投票
elect,选举
respondent,被告
poll,民意测验
ambition,雄心
nominate,提名
checklist,清单
succession,连续
safety,安全
welfare,福利
well-being,安宁
harmony,和谐
steady,稳固的
flourish,茂盛
succeed,继承
prospect,前景
perspective,观点
viewpoint,观点
standpoint,立场
outlook,景色
guideline,指导路线
ethic,伦理学
suggest,建议
advise,忠告
proposal,提议
hint,暗示
declare,宣布
affirm,断言
claim,声称
proclaim,公告
state,状态
announce,宣告
clarify,阐明
assist,帮助
aid,援助
encourage,鼓励
implement,贯彻
monitor,监视器
admit,承认
African,非洲的
European,欧洲的
Latin,拉丁语的
Jewish,犹太人的
Arabian,阿拉伯语的
Portuguese,葡萄牙语的
Roman,罗马的
Russian,俄国的
Spanish,西班牙的
Swiss,瑞士的
Greek,希腊的
Italian,意大利的
soviet,苏维埃的
Indian,印度的
Australia,澳大利亚
New Zealand,新西兰
Canada,加拿大
Britain,英国
France,法国
Germany,德国
economy,经济
trade,贸易
market,市场
industry,产业
merchant,商人
financial,财政的
fund,基金
donate,捐赠
endow,捐赠
commercial,商业的
advertise,登广告
slogan,口号
purchase,购买
lease,租赁
afford,买得起
retail,零售
grocery,杂货店
discount,折扣
promotion,提升
voucher,证明人
coupon,优待券
currency,流通
exchange,交换
swap,交换
swop,交换
receipt,收据
invoice,发票
tax,税
levy,征税
tariff,关税
duty,职务
impose,课税
consume,消耗
spend,花费
cost,代价
expense,费用
revenue,收入
gross,总额
recession,衰退
depression,沮丧
crisis,危机
security,安全
bond,债券
debt,债
deficit,赤字
inflation,膨胀
deflation,通货紧缩
dwindle,减少
decrease,减少
downsize,缩小
decline,下倾
diminish,变小
reduce,减少
increase,增加
increment,增加
growth,增长
escalate,逐步升高
expand,扩张
influx,注入
affluent,富裕的
enrich,使富足
sufficient,足够的
adequate,适当的
spare,多余的
saving,存款
redundant,多余的
lack,缺乏
company,公司
firm,坚固的
enterprise,企业
agent,代理人
entity,实体
invest,投资
input,投入
product,产品
acquisition,获得
goods,货物
cargo,船货
insure,给…保险
guarantee,保证
reliable,可靠的
negotiation,谈判
attend,出席
absent,缺席的
sale,出售
wholesale,批发
auction,拍卖
bid,投标
deal,处理
transaction,办理
turnover,营业额
dump,倾倒
export,输出
import,输入
quota,定额
share,份额
benefit,利益
interest,兴趣
stock,库存
account,帐目
deposit,存放
instalment,分期付款
installment,分期付款
cheque,支票
check,检查
cash,现金
coin,硬币
shilling,先令
copper,铜
treasure,金银财宝
wealth,财富
estate,房地产
possess,持有
legacy,遗产
descend,下来
worthy,有价值的
valuable,贵重的
cheap,便宜的
incentive,动机
accelerate,加速
prompt,迅速的
salary,薪金
income,收入
wage,工资
payment,支付
refund,退还
reimburse,偿还
payroll,工资单
remuneration,报酬
subsidy,补助金
earn,赚得
undertaking,承办
career,生涯
profession,职业
occupation,职业
job,职业
vocation,职业
labour,劳动
labor,劳动
workforce,劳动力
workaholic,醉心于工作的人
personnel,人员
clerk,职员
interview,接见
résumé,摘要
resume,摘要
recommend,推荐
employ,雇用
hire,雇用
fire,解雇
lay-off,解雇
dismiss,免职
discharge,卸下
resign,辞职
sack,袋
retire,退休
result,结果
failure,失败
abortion,流产
loss,损失
opportunity,机会
chance,机会
choose,选择
change,变化
solve,解决
develop,发展
sustainable,支撑得住的
improve,改良
manage,管理
regulate,管理
sanction,批准
coordinate,协调
cooperate,合作
collaborate,协作
law,法律
legal,法律的
rule,规则
regulation,规则
treaty,条约
agreement,同意
charter,特许状
protocol,草案
norm,标准
benchmark,基准
criteria,标准
standard,标准
allow,允许
admission,准许进入
enforce,实施
default,履行责任
reject,拒绝
constraint,约束
official,官员
mandatory,命令的
bound,跳跃
obligation,义务
court,法院
supreme,至高的
enact,颁布
legislate,立法
equity,公平
fair,公平的
just,公平的
prejudice,偏见
discrimination,歧视
accuse,控告
sue,控告
prosecute,检举
condemn,判刑
complain,抱怨
boycott,联合抵制
session,会议
mediate,调停
plea,辩护
appeal,呼吁
contradict,反驳
persuade,说服
controversy,争论
whisper,耳语
mutter,轻声低语
murmur,低沉连续的声音
silent,寂静的
mute,哑的
investigate,调查
witness,目击者
justify,证明…是正当的
reasonable,合理的
suitable,适当的
judge,法官
jury,陪审团
trial,审讯
suspect,猜疑
sentence,判决
arrest,逮捕
jail,监狱
prison,监狱
confine,限制
oversee,俯瞰
supervise,监督
restrict,限制
restrain,抑制
commit,犯
sin,罪
crime,犯罪
vice,恶习
bribe,贿赂
rob,抢夺
pirate,海盗
steal,偷
thief,小偷
murder,谋杀
suicide,自杀
deceive,欺骗
cheat,欺骗
fraud,欺骗
liar,说谎者
trap,陷阱
trick,诡计
pretend,假装
fool,愚人
stigma,污点
confess,承认
conform,使一致
reconcile,使和解
obey,服从
succumb,屈服
penalty,处罚
fine,罚款
mortgage,抵押
ownership,所有权
copyright,版权
privilege,特权
accredit,委派
clue,线索
access,通路
anonymous,匿名的
false,虚伪的
genuine,真正的
procedure,程序
routine,常规
consequence,结果
demand,要求
request,要求
require,需要
petition,请愿
command,命令
instruct,教
violence,暴力
conflict,冲突
raid,袭击
enormity,巨大
campaign,战役
battle,战斗
struggle,竞争
explosion,爆发
bombard,炮击
bomb,炸弹
blast,一阵
burst,爆发
spark,火花
twinkle,闪烁
gunpowder,火药
tank,坦克
cannon,大炮
missile,导弹
weapon,武器
pistol,手枪
rifle,步枪
bullet,子弹
target,目标
deflect,使偏斜
mission,代表团
flame,火焰
flare,闪耀
glitter,闪闪发光
glow,发白热光
blade,刀刃
sword,剑
ax,斧子
hammer,锤子
arrow,箭
spear,矛
helmet,头盔
shield,盾
equip,装备
prepare,准备
provide,提供
deploy,调度
hit,打
beat,打
strike,打
punch,按
chop,砍
stab,刺
dilemma,窘境
plight,困境
pitfall,陷阱
conspiracy,阴谋
destitute,困苦的
famine,饥荒
starve,挨饿
deprive,剥夺
seize,抓住
pursue,追踪
threat,恐吓
offend,冒犯
aggressive,侵略性的
invade,侵略
trespass,侵入
intrude,闯入
violate,违犯
attack,攻击
assault,攻击
challenge,挑战
siege,包围
surround,包围
enclose,围绕
pause,中止
halt,停下
cease,停止
oppose,反对
oppress,压迫
counter,相反地
deter,制止
forbid,禁止
prohibit,禁止
prevent,防止
revolt,反抗
betray,背叛
treason,叛逆
rebel,造反
traitor,叛逆者
patriot,爱国者
blame,责备
reproach,责备
evidence,根据
proof,证据
terror,恐怖
terrible,可怕的
terrific,极好的
horrible,可怕的
alarm,警报
dread,恐惧
frighten,使惊恐
tension,紧张
turbulent,狂暴的
turmoil,骚动
scenario,方案
occasion,场合
limit,界限
boundary,边界
rein,缰绳
compete,比赛
contest,竞赛
contend,斗争
rival,对手
competitor,竞争者
enemy,敌人
strategy,策略
tactic,策略
maneuver,机动
manoeuvre,演习
blueprint,蓝图
warn,警告
compel,强迫
oblige,迫使
protest,主张
refute,驳斥
might,力量
force,力量
reinforce,加强
impair,损害
mitigate,减轻
comfort,安慰
event,事件
matter,事件
happen,发生
occur,发生
savage,野蛮的
reckless,轻率的
fierce,凶猛的
foul,粗俗的
evil,邪恶的
devil,魔鬼
punishment,处罚
execute,执行
hang,悬挂
sacrifice,牺牲
casualty,事故
bury,埋葬
funeral,葬礼
grave,墓穴
tomb,坟
hell,地狱
maritime,海的
naval,海军的
fleet,舰队
troop,部队
landing,登陆
hover,盘旋
proceed,进行
progress,前进
military,军事的
nuclear,核子的
poison,毒
devastate,毁坏
risk,冒险
adventure,冒险
peril,危险
catastrophe,大祸
collapse,塌下
torture,拷问
humiliate,羞辱
damage,损害
harmful,有害的
mislead,误导
disturb,扰乱
interfere,干涉
interrupt,打断
retreat,休息处
shrink,收缩
withdraw,收回
withstand,顶住
compromise,妥协
surrender,投降
escape,逃跑
avoid,避免
quit,离开
abandon,放弃
forgo,放弃
forego,放弃
discard,丢弃
rid,使摆脱
defend,防守
safeguard,保护
defeat,击败
resist,抵抗
capture,俘获
victory,胜利
triumph,胜利
conquer,征服
monument,纪念碑
tablet,碑
statue,雕像
medal,奖章
honor,荣誉
honour,荣誉
glorious,光荣的
contribute,捐助
devote,投入
owe,欠
patrol,巡逻
guard,守卫
camouflage,伪装
obstacle,障碍
burrow,洞穴
spy,间谍
scout,侦察
general,将军
soldier,士兵
veteran,老兵
pioneer,拓荒者
prophet,先知
herald,使者
heir,继承人
successor,继承者
generation,一代
surname,姓
gender,性别
sex,性别
female,女性的
couple,对
spouse,配偶
husband,丈夫
gay,同性恋的
grandfather,爷爷
father-in-law,岳父
sibling,兄弟姐妹
cousin,堂兄弟姐妹
nephew,侄子
niece,侄女
twin,孪生儿的一名
embryo,胚胎
infant,婴儿
orphan,孤儿
juvenile,青少年
youngster,年青人
youth,青春
gang,一帮
teenager,青少年
adolescence,青春期
kin,亲属
folk,人们
relative,亲戚
intimate,亲密的
dear,昂贵的
darling,心爱的人
lover,爱好者
beloved,心爱的
madam,夫人
hostess,女主人
landlady,女房东
mistress,情妇
housewife,家庭主妇
widow,寡妇
maid,少女
maiden,少女
household,家庭
chore,家务杂事
host,主人
landlord,房东
tenant,承租人
guest,客人
customer,顾客
client,客户
encounter,遭遇
chase,追赶
miss,小姐
appointment,约会
accompany,陪伴
dependent,依赖的
propose,提议
engagement,约会
marry,结婚
wedding,婚礼
honeymoon,蜜月
kiss,吻
divorce,离婚
separate,分离
single,单身的
sole,唯一的
respective,各自的
each,每个
individual,个人
commuter,通勤者
neighborhood,邻里
neighbourhood,邻里
member,成员
boss,老板
manager,经理
supervisor,监督人
subordinate,下级
partner,伙伴
colleague,同事
comrade,同志
acquaintance,熟人
friendship,友谊
affection,慈爱
stranger,陌生人
apprentice,学徒
deputy,代理人
hero,英雄
heroine,女英雄
actress,女演员
chancellor,大臣
commander,司令官
director,主任
proponent,拥护者
committee,委员会
council,理事会
delegate,代表
specialist,专家
consultant,顾问
veterinary,兽医
counsellor,顾问
counselor,顾问
solicitor,初级律师
attorney,代理人
umpire,裁判员
cashier,出纳员
fireman,消防队员
nurse,护士
gardener,园丁
barber,理发师
haircut,理发
fisherman,渔民
butcher,屠夫
groom,新郎
hostage,人质
toil,辛苦
beggar,乞丐
slave,奴隶
coward,懦夫
act,演
behave,举止
deed,行为
accustom,使习惯
react,反应
respond,回答
reflect,反射
adopt,采用
nourish,滋养
mow,割草
support,支撑
exhale,呼气
intake,摄入
revive,苏醒
survive,幸存
glare,怒目而视
glimpse,一瞥
glance,一瞥
peep,窥视
gaze,凝视
peer,贵族
stare,凝视
contemplate,沉思
vow,誓言
oath,誓言
pledge,誓言
whistle,口哨
reply,回答
notify,通知
assert,断言
explain,解释
quarrel,争吵
dispute,争论
argument,争论
mention,提到
hurry,赶快
hasten,催促
urge,激励
scold,责骂
curse,咒骂
swear,宣誓
provoke,激怒
preach,传道
boast,自夸
tease,取笑
mock,嘲笑
touch,触摸
hug,拥抱
clap,鼓掌
applaud,鼓掌
kneel,跪下
catch,抓住
snatch,夺得
grab,抓取
grasp,抓住
overtake,赶上
follow,跟随
grip,紧握
mess,混乱
twist,扭曲
scatter,散射
fold,折叠
fasten,扎牢
loosen,放松
smash,打破
scratch,抓
wipe,擦
scrape,刮
polish,磨光
split,裂开
sway,摇动
shake,摇动
vibrate,振动
whirl,旋转
rotate,旋转
shuffle,拖曳步行
collide,碰撞
contact,接触
connect,连接
combine,联合
integrate,使成整体
penetrate,穿透
pierce,穿透
insert,插入
tilt,倾斜
tow,拖
trail,痕迹
arrange,整理
manipulate,操纵
steer,驾驶
baptize,施洗
baptise,施洗
bet,打赌
stake,桩
gamble,赌博
promise,允诺
attract,吸引
obsess,使着迷
mesmerize,施催眠术
mesmerise,施催眠术
nightmare,噩梦
amaze,使吃惊
marvel,奇异的事
astonish,使惊讶
involve,使卷入
annoy,使恼怒
upset,颠覆
bewilder,使迷惑
irony,反话
indignity,侮辱
contempt,轻视
neglect,忽视
disregard,不理会
ignorance,无知
bias,偏见
deviate,离脱
expel,驱逐
flee,逃跑
bully,欺凌
panic,恐慌
terrify,使恐怖
revenge,报仇
kidnap,劫持
hijack,劫持
smuggle,走私
convict,证明…有罪
strangle,勒死
massacre,大屠杀
decimation,大批杀害
intervene,干涉
impede,妨碍
allure,引诱
bait,饵
induce,引诱
tempt,引诱
designate,指派
assign,指派
distribute,分发
despatch,派遣
dispatch,派遣
detach,分离
undo,解开
disguise,伪装
conceal,隐藏
refuse,拒绝
exclude,拒绝
reverse,颠倒
assure,使确信
undertake,承担
stipulate,规定
convince,使确信
reassure,使…安心
wish,希望
aspire,盼望
desire,愿望
yearn,渴望
invoke,祈求
itch,发痒
attempt,尝试
strive,努力
effort,努力
fulfil,履行
fulfill,履行
sort,种类
loom,织布机
launch,下水
commence,开始
exploit,开发
explore,探险
exert,发挥
tackle,工具
cope,应付
dispose,布置
conduct,行为
omit,省略
delete,删除
cancel,取消
clear,清楚的
erase,擦，抹
rescue,营救
resort,求助
recover,恢复
restore,恢复
rectify,纠正
redeem,买回
offset,抵消
replenish,补充
obtain,获得
gain,获得
supply,补给
offer,提供
render,致使
enlarge,扩大
augment,增加
magnify,放大
amplify,放大
exaggerate,夸大
prolong,延长
uphold,举起
backup,备份
propel,推进
update,更新
raise,举起
leak,漏洞
spill,溢出
seep,渗出
ooze,渗出
evacuate,疏散
trench,深沟
saturate,使饱和
excuse,借口
forgive,原谅
contain,包含
regard,看作
flatter,谄媚
worship,崇拜
cause,原因
sake,缘故
purpose,目的
objective,客观的
arouse,唤醒
trigger,触发器
seek,寻找
retrieve,重新得到
testify,证明
verify,核实
specify,指定
enlighten,启发
impart,告知
deserve,应受
drop,滴下
sink,下沉
plummet,铅锤
muffle,包裹
overshadow,遮蔽
invite,邀请
welcome,欢迎
greet,问候
salute,招呼
celebrate,庆祝
congratulate,祝贺
bless,祝福
participate,参加
farewell,告别
assort,分类
correspond,通信
accord,一致
attribute,属性
recall,回想
recollect,回忆
remind,提醒
retell,重讲
repeat,重复
retrospect,回顾
impress,盖印
surmount,克服
mortify,克制
pervade,遍及
replace,替换
substitute,代替
distinguish,区别
differentiate,区别
incline,倾斜
lean,倾斜
sideways,向侧面地
feel,摸
mood,心情
emotion,情感
temper,情绪
manner,礼貌
attitude,态度
character,性格
personality,人格
trait,显著特点
virtue,美德
feature,特征
stature,身高
flesh,肉
mankind,人类
human,人
bone,骨骼
backbone,脊柱
skeleton,骨架
skull,头脑
brain,脑
mind,头脑
physical,身体的
mental,精神的
cheek,面颊
forehead,前额
brow,眉
eyelash,睫毛
lip,嘴唇
mouth,嘴
tongue,舌
throat,咽喉
gorge,峡谷
chin,颏
jaw,颔
neck,脖子
beard,胡须
shoulder,肩
limb,肢
elbow,肘
wrist,腕
thumb,大拇指
palm,棕榈
finger,手指
fist,拳头
chest,胸腔
abdomen,腹部
rib,肋骨
waist,腰
organ,器官
liver,肝脏
stomach,胃
womb,子宫
kidney,肾脏
lung,肺
gland,腺
chamber,室
intestine,肠
thigh,大腿
joint,接头
knee,膝
lap,膝部
ankle,踝
heel,脚后跟
toe,脚趾
muscle,肌肉
pore,毛孔
pulse,脉搏
artery,动脉
nerve,神经
hormone,荷尔蒙
immune,免疫的
stimulus,刺激品
biorhythm,生物节律
lifestyle,生活方式
habit,习惯
sense,感官
sight,景观
eyesight,视力
view,风景
visual,视觉的
visible,可见的
vague,模糊的
blind,盲的
dumb,哑的
aural,耳的
dental,牙齿的
awake,唤醒
yawn,打呵欠
nap,小睡
doze,打瞌睡
quiet,安静的
asleep,睡熟的
cripple,跛子
lame,跛的
dwarf,矮子
pregnancy,怀孕
born,出生的
condom,避孕套
clone,克隆
symptom,症状
disease,疾病
illness,疾病
moan,呻吟
infection,感染
detriment,损害
broken,碎的
disable,使残废
invalid,残废的
patient,病人
dysfunction,功能紊乱
diabetes,糖尿病
obesity,肥胖
overweight,超重
hypertension,高血压
paralyse,使瘫痪
paralyze,使瘫痪
dizzy,晕眩的
insane,患精神病的
insomnia,失眠
allergy,变态反应
heart attack,心脏病发作
cancer,癌症
arthritis,关节炎
pimple,小丘疹
stroke,笔画
plague,瘟疫
flu,流感
influenze,流感
fever,发烧
headache,头痛
swell,肿胀
choke,窒息
injure,伤害
injury,伤害
hurt,伤害
bleed,流血
bruise,青肿
scar,伤痕
wound,伤口
trauma,外伤
lump,肿块
pain,痛
death,死亡
mortal,必死的
demise,死亡
doom,厄运
fatal,致命的
lethal,致命的
corpus,文集
overwork,过度工作
exhaust,排气
fatigue,疲乏
faint,头晕的
feeble,虚弱的
weary,疲倦的
weaken,使变弱
uncomfortable,不舒服的
unconscious,失去知觉的
chronic,慢性的
acute,尖锐的
sore,疼痛的
sorrow,悲哀
suffering,痛苦
lament,哀悼
hospital,医院
therapy,治疗
health care,医疗卫生保健
sanitary,卫生的
medical,医学的
curative,医疗的
hygiene,卫生
fitness,适当
clinic,门诊所
physician,医师
surgeon,外科医生
operation,手术
cure,治愈
heal,治愈
treatment,待遇
prescription,药方
transplant,移植
X-ray,X射线
injection,注射
precaution,预防
vaccinate,接种疫苗
quarantine,隔离检查
segregate,使隔离
isolate,使隔离
pharmacy,药房
medicine,药
remedy,药物
drug,药
pill,药丸
antibiotic,抗菌素
acupuncture,针刺疗法
penicillin,青霉素
morphine,吗啡
dose,剂量
recovery,恢复
refresh,刷新
relief,减轻
relieve,减轻
alleviate,减轻
ease,便利
relax,放松
normal,正常的
common,共同的
usual,通常的
optimistic,乐观的
pessimistic,悲观的
positive,肯定的
negative,否定的
passive,被动的
enthusiastic,热心的
indifferent,漠不关心的
apathetic,无感情的
negligible,微不足道的
happiness,幸福
delight,快乐
merry,欢乐的
fun,乐趣
joke,笑话
laughter,笑声
joy,欢乐
please,满意
rejoice,欣喜
thrill,震颤
cheer,欢呼
pleasure,愉快
agreeable,令人愉快的
exhilarate,使高兴
satisfactory,满意的
desirable,值得渴望的
exciting,令人兴奋的
keen,敏锐的
zeal,热忱
lively,活泼的
lovely,可爱的
fond,喜爱的
favor,好感
favour,好感
surprising,令人惊讶的
startle,使惊吓
amazing,令人惊异的
astound,使惊骇
hectic,兴奋的
liberal,慷慨的
generous,大方的
gentle,温和的
humble,谦逊的
modest,谦虚的
humorous,富于幽默的
polite,有礼貌的
frank,坦白的
mysterious,神秘的
curious,好奇的
daring,大胆的
manly,男子气概的
direct,径直的
earnest,认真的
honesty,诚实
proud,骄傲的
seriously,认真地
friendly,友好的
hospitable,好客的
romantic,浪漫的
freedom,自由
careful,小心的
concern,关心
confidence,信任
considerate,体贴的
thoughtful,深思熟虑的
sympathetic,同情的
ready,准备好的
apologize,道歉
apolise,道歉
apology,道歉
mercy,慈悲
admire,钦佩
remarkable,显著的
grateful,感激的
gratitude,感激
eager,渴望的
sound,声音
picturesque,如画的
promising,有前途的
prominent,卓越的
awesome,引起敬畏的
arduous,费劲的
tough,坚韧的
robust,强健的
sturdy,强健的
steadfast,坚定的
tender,嫩的
temperate,温和的
delicate,精巧的
mundane,平凡的
naive,天真的
childish,孩子气的
sincerite,诚挚的
liable,有责任的
trustworthy,可信赖的
enterprising,有事业心的
sane,神志清楚的
strenuous,奋发的
rigorous,严厉的
strict,严密的
severe,严厉的
mutual,相互的
resemble,相似
similar,相似的
familiar,熟悉的
naked,裸体的
bare,赤裸的
private,私人的
intuition,直觉
spontaneous,自发的
implicit,含蓄的
illusion,幻想
imaginary,想象中的
fancy,花式
fate,命运
fortune,财富
agony,极大的痛苦
grief,悲哀
grieve,使悲伤
miserable,痛苦的
distress,悲痛
sadness,悲伤
gloomy,黑暗的
disappoint,使失望
discourage,使泄气
wretched,可怜的
frustrating,挫败的
mourn,哀悼
anger,生气
furious,狂怒的
frown,皱眉
rage,愤怒
irritate,激怒
hate,讨厌
hatred,恨
nuisance,讨厌的东西
disgust,厌恶
vex,使恼火
harass,使困扰
bore,钻孔
bother,打扰
troublesome,麻烦的
awful,可怕的
unpleasant,令人不快的
adverse,不利的
hostile,敌对的
indignant,愤怒的
radical,根本的
mad,发狂的
crazy,疯狂的
wicked,邪恶的
vicious,恶毒的
vulgar,粗俗的
ego,自我
selfish,自私的
nasty,污秽的
rash,疹子
volatile,挥发性的
weird,怪异的
excessive,过多的
anxiety,焦虑
restless,得不到休息的
uneasy,心神不安的
fear,害怕
timid,胆怯的
fuss,忙乱
insult,侮辱
unkind,不和善的
envy,妒忌
jealous,妒忌的
doubt,怀疑
suspicion,猜疑
skeptical,怀疑的
sceptical,怀疑的
unsatisfactory,不令人满意的
unstable,不稳定的
unsuitable,不合适的
unwilling,不情愿的
reluctant,不情愿的
hesitate,犹豫
confuse,使混乱
guilty,内疚的
embarrass,使窘迫
regret,遗憾
repent,后悔
ashamed,惭愧的
sigh,叹气
weep,哭泣
tolerance,公差
ignorant,无知的
endure,忍受
sly,狡猾的
cunning,狡猾的
arbitrary,任意的
ridiculous,可笑的
stupid,愚蠢的
awkward,笨拙的
clumsy,笨拙的
careless,粗心的
oblivious,遗忘的
naughty,顽皮的
greedy,贪婪的
obtrusive,突出的
slothful,怠惰的
sluggish,懒惰的
impulse,冲动
rigid,僵硬的
stubborn,顽固的
stereotype,陈规
daily,每日的
monthly,每月的
quarterly,季度的
annual,每年的
yearly,每年的
anniversary,周年纪念
era,时代
present,现在的
contemporary,当代的
medieval,中世纪的
century,世纪
millennium,一千年
million,百万
billion,十亿
dozen,一打
dawn,黎明
midday,中午
midnight,午夜
overnight,通宵的
night,夜晚
modern,现代的
recent,近来的
up-to-date,直到现在的
first,第一
secondly,其次
finally,最后
finish,完成
immediately,立即
instant,瞬间
moment,片刻
minute,分
prior,优先的
former,从前的
preceding,先前的
precedent,先例
foremost,最重要的
opening,开端
initially,最初
intermediate,中间的
midst,中间
meantime,其间
meanwhile,其间
simultaneous,同时的
ongoing,进行中的
everlasting,永久的
permanent,永久的
punctual,准时的
duration,持续时间
consecutive,连续的
periodically,定期地
imminent,即将来临的
incidentally,顺便提一句
apologise,道歉
potent,强有力的；有权势的
sincere,真诚的；挚诚的
